metric,cohort,model,value,unit,aggregation,missing_reason
01-word-error-rate,round3,NVIDIA Nemotron 0.6B Q8,5.331882480957563,%,pooled errors / reference words,
01-word-error-rate,round3,Moonshine Small,7.616974972796518,%,pooled errors / reference words,
01-word-error-rate,round3,Moonshine Medium,7.943416757344941,%,pooled errors / reference words,
01-word-error-rate,round3,Qwen3-ASR 0.6B,4.6789989118607185,%,pooled errors / reference words,
01-word-error-rate,round3,Qwen3-ASR 1.7B,6.420021762785637,%,pooled errors / reference words,
01-word-error-rate,round3,Parakeet TDT v3,7.181719260065289,%,pooled errors / reference words,
01-word-error-rate,round3,Whisper base.en,9.357997823721437,%,pooled errors / reference words,
02-normalized-word-error-rate,round3,NVIDIA Nemotron 0.6B Q8,4.6789989118607185,%,pooled errors / reference words,
02-normalized-word-error-rate,round3,Moonshine Small,6.9640914036996735,%,pooled errors / reference words,
02-normalized-word-error-rate,round3,Moonshine Medium,7.290533188248096,%,pooled errors / reference words,
02-normalized-word-error-rate,round3,Qwen3-ASR 0.6B,4.461371055495103,%,pooled errors / reference words,
02-normalized-word-error-rate,round3,Qwen3-ASR 1.7B,5.984766050054407,%,pooled errors / reference words,
02-normalized-word-error-rate,round3,Parakeet TDT v3,6.528835690968444,%,pooled errors / reference words,
02-normalized-word-error-rate,round3,Whisper base.en,8.705114254624592,%,pooled errors / reference words,
03-first-output,round3,NVIDIA Nemotron 0.6B Q8,1.4971213019998686,s,median,
03-first-output,round3,Moonshine Small,1.9650572870014003,s,median,
03-first-output,round3,Moonshine Medium,1.9678054780015373,s,median,
03-first-output,round3,Qwen3-ASR 0.6B,2.7275565979980456,s,median,
03-first-output,round3,Qwen3-ASR 1.7B,3.709768532000453,s,median,
03-first-output,round3,Parakeet TDT v3,,s,median,Not measured · offline adapter
03-first-output,round3,Whisper base.en,,s,median,Not measured · offline adapter
04-cpu-work,round3,NVIDIA Nemotron 0.6B Q8,0.9385991133321645,CPU s / audio s,median,
04-cpu-work,round3,Moonshine Small,3.165243296356417,CPU s / audio s,median,
04-cpu-work,round3,Moonshine Medium,3.7528103902181775,CPU s / audio s,median,
04-cpu-work,round3,Qwen3-ASR 0.6B,2.974835646597408,CPU s / audio s,median,
04-cpu-work,round3,Qwen3-ASR 1.7B,6.6789786543127985,CPU s / audio s,median,
04-cpu-work,round3,Parakeet TDT v3,0.4337395842662846,CPU s / audio s,median,
04-cpu-work,round3,Whisper base.en,0.8030689663391997,CPU s / audio s,median,
05-memory,round3,NVIDIA Nemotron 0.6B Q8,0.97833251953125,GiB,max,
05-memory,round3,Moonshine Small,0.5209236145019531,GiB,max,
05-memory,round3,Moonshine Medium,0.8400917053222656,GiB,max,
05-memory,round3,Qwen3-ASR 0.6B,2.864166259765625,GiB,max,
05-memory,round3,Qwen3-ASR 1.7B,6.799278259277344,GiB,max,
05-memory,round3,Parakeet TDT v3,3.1175765991210938,GiB,max,
05-memory,round3,Whisper base.en,0.4025840759277344,GiB,max,
06-completion-tail,round3,NVIDIA Nemotron 0.6B Q8,0.08959022400085814,s,median,
06-completion-tail,round3,Moonshine Small,0.0014576419998775236,s,median,
06-completion-tail,round3,Moonshine Medium,0.03079779099789448,s,median,
06-completion-tail,round3,Qwen3-ASR 0.6B,1.996661283999856,s,median,
06-completion-tail,round3,Qwen3-ASR 1.7B,236.64319409400196,s,median,
06-completion-tail,round3,Parakeet TDT v3,,s,median,Not measured · offline adapter
06-completion-tail,round3,Whisper base.en,,s,median,Not measured · offline adapter
07-progress-at-audio-end,round3,NVIDIA Nemotron 0.6B Q8,100.0,%,median,
07-progress-at-audio-end,round3,Moonshine Small,100.0,%,median,
07-progress-at-audio-end,round3,Moonshine Medium,100.0,%,median,
07-progress-at-audio-end,round3,Qwen3-ASR 0.6B,98.14241486068111,%,median,
07-progress-at-audio-end,round3,Qwen3-ASR 1.7B,55.4858934169279,%,median,
07-progress-at-audio-end,round3,Parakeet TDT v3,,%,median,Not measured · offline adapter
07-progress-at-audio-end,round3,Whisper base.en,,%,median,Not measured · offline adapter
08-prefix-revisions,round3,NVIDIA Nemotron 0.6B Q8,0.0,revisions,median,
08-prefix-revisions,round3,Moonshine Small,170.0,revisions,median,
08-prefix-revisions,round3,Moonshine Medium,206.0,revisions,median,
08-prefix-revisions,round3,Qwen3-ASR 0.6B,0.0,revisions,median,
08-prefix-revisions,round3,Qwen3-ASR 1.7B,0.0,revisions,median,
08-prefix-revisions,round3,Parakeet TDT v3,,revisions,median,Not measured · offline adapter
08-prefix-revisions,round3,Whisper base.en,,revisions,median,Not measured · offline adapter
09-update-gap,round3,NVIDIA Nemotron 0.6B Q8,3.9998489879981207,s,max,
09-update-gap,round3,Moonshine Small,3.6111831730013364,s,max,
09-update-gap,round3,Moonshine Medium,3.5418781519983895,s,max,
09-update-gap,round3,Qwen3-ASR 0.6B,8.374561937998806,s,max,
09-update-gap,round3,Qwen3-ASR 1.7B,12.552954074002628,s,max,
09-update-gap,round3,Parakeet TDT v3,,s,max,Not measured · offline adapter
09-update-gap,round3,Whisper base.en,,s,max,Not measured · offline adapter
10-model-load,round3,NVIDIA Nemotron 0.6B Q8,0.3998250420008844,s,median,
10-model-load,round3,Moonshine Small,0.26587907100110897,s,median,
10-model-load,round3,Moonshine Medium,0.3995438080019085,s,median,
10-model-load,round3,Qwen3-ASR 0.6B,0.475713242,s,median,
10-model-load,round3,Qwen3-ASR 1.7B,1.137609197,s,median,
10-model-load,round3,Parakeet TDT v3,0.039444850001018494,s,median,
10-model-load,round3,Whisper base.en,0.084959965,s,median,
11-warmup,round3,NVIDIA Nemotron 0.6B Q8,1.0089691399989533,s,median,
11-warmup,round3,Moonshine Small,0.6623524210008327,s,median,
11-warmup,round3,Moonshine Medium,0.694881526997051,s,median,
11-warmup,round3,Qwen3-ASR 0.6B,0.760780219,s,median,
11-warmup,round3,Qwen3-ASR 1.7B,1.85375066,s,median,
11-warmup,round3,Parakeet TDT v3,0.6083692620013608,s,median,
11-warmup,round3,Whisper base.en,1.324829134,s,median,
12-offline-decode,round3,NVIDIA Nemotron 0.6B Q8,,s,median,Not measured · streaming adapter
12-offline-decode,round3,Moonshine Small,,s,median,Not measured · streaming adapter
12-offline-decode,round3,Moonshine Medium,,s,median,Not measured · streaming adapter
12-offline-decode,round3,Qwen3-ASR 0.6B,,s,median,Not measured · streaming adapter
12-offline-decode,round3,Qwen3-ASR 1.7B,,s,median,Not measured · streaming adapter
12-offline-decode,round3,Parakeet TDT v3,58.692275505,s,median,
12-offline-decode,round3,Whisper base.en,39.91664735299855,s,median,
13-earlier-public-speech,public40,NVIDIA Nemotron 0.6B Q8,1.3026052104208417,%,pooled errors / reference words,
13-earlier-public-speech,public40,Moonshine Small,2.7054108216432864,%,pooled errors / reference words,
13-earlier-public-speech,public40,Moonshine Medium,1.9038076152304608,%,pooled errors / reference words,
13-earlier-public-speech,public40,Qwen3-ASR 0.6B,,%,pooled errors / reference words,Not tested in this cohort
13-earlier-public-speech,public40,Qwen3-ASR 1.7B,,%,pooled errors / reference words,Not tested in this cohort
13-earlier-public-speech,public40,Parakeet TDT v3,,%,pooled errors / reference words,Not tested in this cohort
13-earlier-public-speech,public40,Whisper base.en,2.3046092184368736,%,pooled errors / reference words,
14-earlier-app-stop,native,NVIDIA Nemotron 0.6B Q8,165,ms,median completed trials,
14-earlier-app-stop,native,Moonshine Small,,ms,median completed trials,Incomplete · prototype trial failed
14-earlier-app-stop,native,Moonshine Medium,,ms,median completed trials,Incomplete · prototype trial failed
14-earlier-app-stop,native,Qwen3-ASR 0.6B,,ms,median completed trials,Not tested in this cohort
14-earlier-app-stop,native,Qwen3-ASR 1.7B,,ms,median completed trials,Not tested in this cohort
14-earlier-app-stop,native,Parakeet TDT v3,,ms,median completed trials,Not tested in this cohort
14-earlier-app-stop,native,Whisper base.en,2859,ms,median completed trials,
